x1,x2,label
2.308291774178871,2.1670285320533007,1
-0.2090939287146915,-0.40937087155437835,0
1.8005523035843078,4.180164321070446,1
1.3270668912543608,0.5859144365240962,0
3.075920883951845,1.105105487732123,1
2.2228085607713552,-1.2039842684302964,1
0.45145039602344716,0.4398043768055574,0
2.562920356802662,4.472008271775453,1
-1.4325342580034184,-1.360807299929207,0
1.5789702587607735,0.39437860930973745,1
1.4870865840178438,-1.3170079259009297,0
1.3884409669087827,-2.2606916351144566,1
2.0148893381764417,1.5620054865820412,1
-1.936156041756012,0.45246825244290245,0
1.303508209957435,1.137076673161408,0
0.2450553951895239,0.09448156474427946,0
1.25546478362436,-0.1409760106344553,0
-0.011042812672455583,-0.0845306650389451,0
2.6111278511291363,-0.7970347817403991,1
2.684029890081497,3.474642929554167,1
-0.3370959271294923,-0.08815741846119077,0
1.688931510946027,0.7481258303303793,1
2.3934757044259687,4.438875669758683,1
2.053900707245972,4.356074115513899,1
2.672250019368046,1.7885367528366969,1
2.5865913586330116,1.1002141868338264,0
2.6927641693144655,5.593197323989617,1
0.3531096050610941,0.8108524893165334,0
-0.17346178272779694,0.3861582978490838,0
-0.9291914997686379,-1.4017750615478646,0
0.5998461623035487,1.1593822065918138,0
1.484080863586249,1.0809877388117521,0
-0.18306684790686845,-1.239192755332041,0
-1.6234457866095306,0.16118401402316818,0
4.8343568370230905,-0.12595212214454987,1
-0.6613340904207387,-0.12781169936293424,0
1.2173753546516797,1.3286934721629544,1
1.182508899945289,3.8326992442073635,1
0.21093194042873864,0.7301645277807998,1
-1.5983752781663445,0.9005740510606823,0
-1.1287547627136183,0.7955481036234495,0
1.8524617373703693,1.88692822504746,1
0.22295436664589213,-0.4189738933470685,0
1.497550721554091,0.9202705419751805,0
0.8996934498020224,2.5517938375017777,1
-0.7832252677064395,0.4083187661769379,0
-0.18916839425298781,-0.7888685873794711,0
0.1790760161020588,-2.3720649151338837,0
2.287309485044384,1.8894969060610203,0
2.9571052330652123,3.945091098334977,1
1.2603367622712105,6.658850279696109,1
-0.20147749311876612,-1.1484015221797648,0
3.2376814634940625,-0.08696848721860206,1
-0.23016343227939134,-0.12408607105478778,0
1.5444912605694507,-2.406616705089728,0
1.85259654069925,2.1478903930618376,1
1.8694157551557105,4.416321239479451,1
2.131685858164956,-0.30321405514535105,1
0.5594939963695595,3.4984805899045304,1
-0.6672785672233024,0.7591846459145777,0
2.0228797282587765,5.603281587669192,1
-0.139967199312157,0.05254599667445329,0
0.5969938195549951,-1.4587233072840626,1
2.477308370348418,1.8544876763421578,1
2.018759163596709,4.830741288112263,1
1.7821511142809996,1.8289131914581092,1
1.1372742255494859,0.3188017118066349,0
1.4676388325666465,2.888045519744841,1
0.8127070032311418,0.3621906142931835,0
3.1483031077050003,4.863989093195181,1
2.3531611982806466,0.5672769262343238,1
-0.3315497664614937,0.03574743302312086,0
2.2795892037268284,3.528003195704988,1
2.158781860630421,3.613774714949755,1
0.8637614252944562,-0.9075105425552878,0
0.1916865375426455,-0.09034916817609107,0
-0.4057086346124539,4.7170198414040225,1
0.4672975339786029,1.0605154201996747,0
-0.033713896803137355,-0.7190326853151459,0
3.137940770814311,5.186820826163269,1
1.0504096172474222,0.17359028045348635,0
-0.3794711305007669,-1.2264514098308936,0
2.2068418294423218,2.281790841776928,1
1.3247558121429819,-2.8595812043153774,1
2.5462282929520095,1.2638668861459523,1
1.6816666468160297,-0.23402846309561642,1
1.1497501334717621,1.5437154335896184,1
0.40255136099335176,0.9938073019368691,0
-0.7576015385908426,-2.11865092645528,0
2.434270206979406,1.645008211431905,1
2.446944030304583,2.9418627957846413,1
2.5906582839509174,0.41360193366316356,1
-0.5619904140364412,0.2779479216136408,0
0.9824863143085787,0.021797181465230464,0
2.0801929127769667,1.9168905260621945,1
0.2193961763171901,2.7791403005638724,1
-0.6940805244696022,-2.7017247394300865,0
3.1188612046184416,3.0547845709836663,1
1.343725398488861,1.1242334390507374,1
3.102211478434417,2.637380840276129,1
1.0791494611222927,0.934819071895638,0
1.6828312755356714,1.3506763118492346,0
-1.2310822483059873,-1.138956102935346,0
1.3580210773908676,-1.528593058637087,1
0.22746680143452117,0.27652342425171605,0
-0.7864717550395423,-0.11039938903348007,0
0.6130737627467413,1.498866609479474,0
-2.1751341005652858,1.0085608146553198,0
0.15382603610342022,-0.29970429411955213,0
0.03377638632033131,-2.331184839583419,0
0.4472864537452078,0.48345502824147313,0
3.123787237315905,2.048615212491093,1
4.222236267594045,0.04718200512670512,1
2.902728582530977,0.40839956827543955,1
-0.8165839136997404,-0.9005600773616367,0
-1.2441382444543563,0.2913557701382464,0
2.9663251921782976,-1.2650010016604964,1
1.5335284305217443,1.0871949161007992,0
0.6018391790214506,0.7245974046981188,0
2.4236475574952063,4.170175457894443,1
1.558431146164744,3.3520635792789135,1
1.5704040628420002,4.391813524770039,1
2.998012038503544,5.430558624841215,1
-0.11257215519614372,1.8051033124221305,0
-0.3315781101555315,-1.7939733444765382,0
2.6429181391083536,2.4589292578816933,1
0.07714582350684396,0.910406331679012,0
1.0034985656648157,-1.3883431549261032,0
0.8267282141482026,1.2213527000133075,1
0.36320760445453915,0.8390252797200497,0
1.1448041522261456,-0.3062176409835864,1
1.900650571125065,2.6454778318643437,1
-0.7644247081530389,0.6797879374135487,0
1.122525669834714,0.2927531678456682,0
-1.3901256407226663,1.0109320977164984,0
3.165084093565044,0.14428231590144236,1
1.5706189943616033,5.116031663625774,1
2.952548460472563,3.1746656026261917,1
4.680888652674286,2.6822812647196543,1
2.2840746061990864,2.722156136616926,1
1.0518450484766375,2.764968673390815,1
-1.4532257589126014,0.548340044324538,0
2.20328787033247,3.5298693617163672,1
-0.6308796817959152,-0.5761146999329743,0
1.1687793345701327,3.785635709282072,1
0.8855474629797366,-0.3718741006759383,0
0.14659924098494237,0.020597272255222968,0
1.582755831593511,0.5683243421648037,1
-1.1860234479456455,0.11444144893625685,0
-0.9484509846127552,-0.3050810458437555,0
0.17253700758552415,2.931687092682491,1
0.6162407234164864,-1.155881868665365,0
0.8095815695379769,2.324487914659243,0
2.455300564355212,2.8294308363703484,1
-0.3932519007366203,0.40137575599517505,0
0.9905248053154974,2.187632010590412,0
1.8449186621825628,-0.6145944650753546,0
-0.6538794001920452,4.3670944726767065,1
-0.4446750251879127,1.9197721808397077,0
0.38216227956071,2.475980560778721,1
0.287386801268648,-1.6263974089202047,0
-1.1799659238671674,1.1569207104620651,0
-0.48352592769050695,0.5323398968087679,0
-0.15621399064064878,3.4157509392750067,1
2.6743977197663478,1.9718694984658964,1
1.5344711938357962,2.0507828293036567,1
0.8014771812789094,1.4253946540027367,1
3.2028326969266647,2.262853322667707,1
-1.1862114414828469,-0.9633380289341777,0
1.5208696506837014,0.7298437730107628,1
1.6019013708304979,1.3686985220824102,1
0.4603581665578834,1.463291960225257,0
-0.1142060840666379,5.250468553051311,1
4.986576422011227,0.6261999502261009,1
0.9621748089489879,1.7127172002903548,0
1.71720969824748,-0.36324495980054516,1
-0.3388458726999044,-0.20633298273547418,0
1.2164095108221442,-1.1278748965544905,1
0.4643698880109913,0.6805283127673188,0
1.7795641384814396,1.924770168239864,1
3.6377270015558265,2.57006829208434,1
-0.05000900652910634,-1.344672072372479,0
1.9821506558045083,4.550161138604635,1
3.3924692202630577,1.7393244398807755,1
0.7660038947526698,0.9327080068895078,0
1.201955934922828,0.23815175983807318,0
1.1688822291419172,-0.24278768263051864,1
0.863020977499001,1.3632745875235064,1
0.6569776310963926,0.6725038657262912,1
2.5061393253375472,1.3058858083689113,1
-1.1909976783728753,1.7809278293735558,0
-0.21736792358343315,-1.1147573558463617,0
0.8026893094550442,3.7949644277911228,1
1.525426622577879,0.7782653279537062,0
-0.44380950499310906,1.03949444189637,0
0.7413272841766918,-0.21074619253993948,0
3.8859884028616882,3.7400130470939184,1
-1.3105656997955943,0.2610924298788456,0
-0.3633873125014928,0.0779097836112678,0
3.390888797769967,1.7620552692951355,1
2.7343852348894666,2.345287485370983,1
1.10960443410448,-1.0632143467753399,0
0.8880105126967817,0.306097857854091,0
0.9427678819203795,-1.2012268038209026,0
0.3191363593653544,0.9864187133380271,0
1.5821674917283088,1.315246550444546,0
1.7223971494875707,4.92065215634517,1
2.878490347281977,7.625177706394325,1
2.2220033833289943,2.449389945517253,1
0.012076819203071465,1.3304568567507968,0
2.9558059010946343,0.12647294229275774,1
-0.44344127065955674,0.276367597570786,0
0.8102972586373007,1.9668579474258663,0
2.514315415620506,-0.343717172224576,0
1.9082670053303294,1.9219944617537879,0
3.587565950024036,4.917427203604892,1
2.003066003965414,0.10703015453536202,1
-1.4761258603764302,-0.05563829139898613,0
-0.7954396092351226,-1.3103271370752092,0
1.7380800741307607,-0.9034820246366686,1
-0.2245722142285197,-0.4314263818727261,0
-1.2691626688717392,-1.4013691016543788,0
0.19570563028617766,0.161891443887007,0
2.3071480777863633,4.635879076440604,1
4.2778793992944575,1.5449096321954248,1
1.2211032835244624,-3.28637782715209,1
-1.2525444474364913,-0.09088407614533112,0
0.780381073426621,1.8713299215913715,0
1.8656314791876771,5.8478764044815685,1
0.22614748083287384,-0.47907757906120985,0
1.8203704183442995,2.287203965580725,1
-0.26687149595971793,-1.4546483464461746,0
2.7705032574350588,-1.4168188880732533,1
1.9879807654594392,3.5883501532017466,1
3.1457106601368032,2.6384546257283237,1
0.39502198619078144,-0.2674466015081856,0
0.2514557208917956,1.5185261852486467,1
0.8084293742402948,-0.11198031582463552,0
-0.058670332968870476,-0.2366777031185503,1
-0.32523381434351084,-1.2933137806332806,0
1.2383432956768954,0.15917333803982936,0
2.6632382563743615,4.644009432787795,1
-0.17808275559945563,-1.4121584975583303,0
-1.3873343739596622,-0.4651736123208606,0
1.3264248715027662,3.9402131455187943,1
0.8844834094876478,-0.20880120113581147,0
1.0994118915473534,0.2686928602769374,0
1.5301057661075144,1.5532031031867357,1
0.08884042886151244,-0.5282867942552096,0
2.1384600795389135,3.507745037782488,1
2.88358160874136,0.39688651365819827,1
-0.2783093863317616,-0.4366578804797246,0
1.654267293144302,2.2508464277247215,1
0.7622881332590301,-1.4164222217088678,0
4.1867544631097555,-1.820161253157023,1
2.0904204051374395,1.773901426096042,1
2.136108155388018,-0.5178163847786925,0
-0.11100393233827388,1.2801014247143296,0
1.9766622172812116,0.6910773658146698,1
1.6613107836111611,1.187814133283283,1
0.7416220761919868,2.374667437062963,0
2.633809656595987,4.993282486106988,1
-1.7808350901335541,0.030776903298693203,0
1.348620626903664,2.003433078334203,1
1.3639648912807572,0.4740020372699685,1
3.186679179508784,3.3364006068586365,1
-0.5954115213934403,0.6957698218685029,0
-1.2912526549189431,-0.4848399357389719,0
0.8252332903661637,0.24598153304278303,0
1.4816936303829191,2.9495372305929064,1
0.6074788103284114,3.7629349665784764,1
1.7654143526276116,7.000697193356307,1
1.07069593154091,1.0852909099527395,0
2.140590531303858,0.42649682377238674,1
0.5916829105316519,2.1463282655015066,1
1.7417552303089445,-1.0999189279148691,1
0.2648456902607067,0.6618296722578377,0
-2.3193728542378107,-0.7370992606164654,0
1.8043115915541155,0.07481298525130753,1
-0.7266434393622987,-0.6208250363620571,0
2.320160567476043,1.2099036979793716,1
1.9378780468863404,2.8492682313132036,1
-0.11120360875725677,-1.3414577102863232,0
0.31471107800648657,1.6622120047814668,1
2.8458106114051676,3.1377032946564967,1
0.15917317396331854,-1.886990099723743,0
1.2100570846578194,0.30172873459253646,0
0.6444069044780005,1.4917402751799802,1
1.7466506718412078,-0.722556341253453,0
-0.3293465735310746,0.1501863128333248,0
3.1548203108439403,0.8132060563718229,1
1.2251268817789136,1.3032968401230498,1
1.8929150821638328,0.909326266152714,1
1.8144306353055804,1.23624988272236,1
0.5476605467778275,0.5974764890636686,0
-0.03584794981534056,0.8497071969229772,0
-0.8665026130238218,-0.07002920680318131,0
2.5332824633463944,4.69364476650343,1
0.7177538119478712,2.172532270299335,1
0.5093633689968474,-0.9460968210665638,0
1.0213267723187913,0.4357723071667032,0
0.8791757370777348,0.13647662832632285,0
2.213508568799768,1.3562740820732886,1
3.4942106248139644,1.6544839667320015,1
-0.3544003577628268,-0.13752346409238386,0
0.6750044672647624,0.7706773192508221,1
2.883236409169136,2.5343915799285583,1
2.3326695098335755,2.1862122405715714,1
-1.7014820855680273,-0.32723947799714803,0
0.8663413968383304,0.08222981686793696,0
2.3440938542933587,-1.2436700061356034,1
0.4982984203854175,2.3809047930088765,1
1.5478918606164962,1.3089768381708895,1
0.4155771608768606,-0.21174953570736865,0
3.3715662278467917,-0.7463370655894503,1
0.9597902611677689,-0.27133963994574817,0
4.238870838612366,3.140216777883489,1
3.030871035521157,5.647900898197746,1
2.3513082872277695,0.522188115900605,1
-0.40572835423277676,-0.6554318927500771,1
1.3218954010455946,-0.2168012797743778,0
1.5442668399097719,5.348798058308244,1
-0.3159983662639069,-1.1747792644626598,0
-0.35278364700019493,-0.0939023496763424,0
0.5447208488415642,1.2450175022224643,0
-0.7253524929694009,-3.0533397484789164,0
2.6197295080606513,4.517841018094003,1
-0.5151191747252994,-0.326001068627478,0
1.7155596442013612,4.26819174563134,1
-1.0053810860616577,-0.07260301344226483,0
0.22672909310748382,-0.30010693625478013,0
0.04976993447587347,0.9445550464670835,0
2.0410357553732323,-0.3997602360057644,1
-0.12524134977683304,-0.41945491200778634,0
1.194453243214732,0.10578141773738603,0
0.7833084539343809,1.866525171421655,1
-0.787234283086324,-1.3419823998344738,0
0.0633987230695447,-1.058701863157061,0
2.17597374784848,-0.16180319588618053,1
2.237427876394534,-0.7066885845203856,1
0.4284662959827159,-0.21385149670837444,1
2.7572968664263717,0.18035036245687053,0
3.200181619460082,1.666755640625904,1
-0.5809200207611094,0.1440357326005623,0
0.8445814886723655,-1.5273354187003227,0
1.340712325069425,2.7943053363159405,1
0.3168506769830526,-0.6619938113432461,0
0.9589156317850875,2.376468577454484,1
2.3732714253478187,1.618148793348888,1
0.5964506098672442,-0.42674259396744685,0
-0.011858957962894379,1.4079919255359363,0
0.6685369235774336,-0.1621835100882021,0
2.543093338868806,2.1417332343758066,1
3.847516044799883,7.488430598255694,1
-2.361465565063754,0.6742907586109789,0
0.6238843114364889,1.159211035786805,0
1.1992966871351411,1.1830040934147563,1
2.9813199460633775,3.6653133177550776,1
1.5363432975845517,3.61862960365655,1
1.736823713981804,1.4828907199262937,1
-0.20788019496295418,-1.1729948748351127,0
-0.024859586420200086,0.4834869612906309,0
0.44940790248259294,0.8069853493441114,0
0.8379754566931543,-0.07579592464906387,0
-0.46597101721585954,-1.4976919075364252,0
-0.25725882336728517,0.919621578998524,0
2.8426632854382063,0.6921440685845355,1
1.7403377890009497,0.6374354169391225,0
1.7394277076455937,1.9105051127589812,1
-0.5417402319016743,0.6138118515315614,0
1.1486607603382297,-0.5178036057436723,1
3.065825263379595,3.819665339404617,1
-0.7319421100098662,-0.6952570887003394,0
2.313000395002059,2.4261515049122275,1
4.749002078552278,4.621751972647753,1
1.8247838043341424,0.7722719688647799,1
1.650017351199768,-0.36957861527561364,0
4.072981266446188,3.614733413118241,1
2.105089583975479,1.9180279076212343,1
2.741544385906754,3.4901670947433976,1
1.7669376043263751,5.818997646658857,1
-0.9206265909759335,0.5155521703668151,0
0.15263918931173212,0.40660621892570015,0
1.9824589825048249,2.964877029298848,1
3.8384983457304336,-1.1726940398080772,1
0.8785918524955941,-0.6312626411109856,0
1.839441175585816,-0.48437727953559817,0
1.5756805767143658,4.991222393546622,1
0.44677938422059243,-0.5554241803585627,0
0.7340030520730747,2.465748139127512,1
3.321856697102518,1.919268744592908,1
2.4599951811021037,3.2191515951406293,1
-0.4600330232113802,-1.3379879899318483,0
0.292127253658806,-0.049283766068302315,0
0.8696338574278876,-0.41939096423680955,0
0.553278679722303,-0.23919789382227474,0
1.7380820653450268,2.4385546069835717,1
2.5679908323260277,1.3193851790336066,1
-0.45271132179978757,-0.2956868762543249,0
0.7509359922459995,-0.019301872182287183,0
1.486696558840814,-0.23911538452438874,0
-1.5012161058938642,0.5353098827259417,0
0.639942448401499,-0.32608455996275965,0
-0.07052737727833969,1.948163997725691,0
0.90665584841941,0.09956339413608067,0
3.401100926047427,3.2586738193380307,1
1.9650312790962345,0.6165482069004333,1
-1.455638090523903,-1.1846916142620867,0
2.1470197379805116,5.259856234007591,1
2.515297294784698,2.009455706539757,1
-0.1409845397220878,0.27868484588502807,0
-1.2646886569302862,-0.2906522148269213,0
1.7581411745514584,0.33039042248472805,1
-0.4580665500130359,-0.8839014842584918,0
0.004769260923680574,-1.671269637552402,0
2.2419377084354033,-1.369020197769974,1
-0.8713731640692836,-1.1119770481687878,0
0.47861854577645857,-0.38341287358397,0
0.583595923499791,1.8364793643597224,0
3.2240651872167643,2.340878851569166,1
1.1325632032522217,0.33699204489328705,0
-1.2996945791430585,0.2014271131309039,0
1.761305110730049,4.505637354335306,1
-0.777361719080815,-1.111538532379516,0
2.297140980518574,4.677655365557867,1
1.3337627374399372,4.426627358515445,1
1.2275887156965068,4.698724611445417,1
3.231931269350911,8.7190703322525,1
0.6148079353389857,-0.786911442617857,1
2.61725399062939,4.785929006793989,1
-0.4650713455822082,0.6693892191686848,0
2.3451300201885044,-1.257611056877511,1
2.3315290888584874,2.2847641487308055,1
3.5060854327867164,1.0316521690413099,0
1.4229038277784456,3.744164961418078,1
2.471610498407136,-1.6240572118046805,1
1.5749724209368308,2.3311741591976443,1
-0.4749959117720861,1.6354331504759152,0
-0.9635155809553193,0.4253472586718078,0
2.1077367714121835,2.8577830916404836,1
1.3494466284533733,0.5025171685460404,0
0.7797525231461102,-0.30941278023870766,0
3.2603203820522113,2.9048263177238782,1
1.0065352204378288,0.8008718964514441,0
3.1570274810894947,2.4228853623272357,1
0.7295199243072821,-0.21333557286650479,0
-0.3387509490381233,2.1933027949559754,0
1.168209786745041,0.7836277870632691,1
-0.739352700891909,-0.08032948083136565,0
2.705391393639961,1.1963371440362804,1
0.3359383066812315,0.17088977535633554,0
2.3297915236754276,2.083863265340669,1
-0.35651513945968083,-1.0103197170679472,0
3.3976223510176817,2.62720855713375,1
3.1544447423458912,0.5678744767543937,1
2.300124893609076,3.587229573254856,1
-0.9171305382037593,0.09376776114146351,0
1.044513432429697,1.740121758057061,1
-0.7141783045101757,0.6846648817822891,1
1.137617206633237,-0.21889892602167688,0
0.6138606079246761,-1.953738978741657,0
2.3566061095609308,1.5128513478924361,0
-0.09559027097082382,0.5202740533110372,0
0.501618500870499,-0.09994889166283105,1
1.3968247312288475,0.1884394295094367,0
-0.908619886729128,-0.1725272706758797,0
-0.94510866661347,0.08022770077408942,0
-1.3636831534396565,-0.14698051729265738,0
-0.45850646625504493,-1.0294417650099443,0
-1.530276605610894,2.2592600490616634,0
1.5191750881525103,1.5056878509423806,0
-0.9257916156376242,-1.3164358701701686,0
0.17544490876351937,1.0425927963525414,0
2.9018040565590555,-1.1363773543148818,1
1.8170545508172458,3.58429749667215,1
1.7389640740164278,-0.05889123978311206,0
0.131957855322671,-0.2660733594235357,0
-0.3343619373461184,0.3029710117054095,0
0.11167147687848483,0.8405233223189756,0
1.411825310145376,2.30341722225402,1
0.219109167113271,3.377642699208071,1
1.3605844275802401,-1.1989552624345103,1
0.28861659710997,0.7165322313347162,0
1.0876581728957966,-0.2012739246276884,0
2.5999384454699515,3.183023394368834,1
0.029122180797540587,1.1196483126018062,1
0.33592095027407587,0.5471927305022874,0
1.6342800267904023,-0.04213281494398269,0
0.040513784325088315,0.41129906869795263,0
1.7553874688938262,-0.43790231987648753,0
2.4559817877380965,-1.2181622701187207,1
1.1243970121890339,1.029242115975628,0
4.601946219791914,5.425468151517878,1
-1.3188614286502844,0.8300513838884951,0
-0.7305738888653186,1.0754392089641034,0
1.2608330449408827,-1.6052706119918418,0
3.6841609432120888,3.817678708909665,1
-0.642293370687768,0.12837015382181088,0
2.2672293276115356,-1.1156889522189695,1
0.7448481631149352,1.3501486117142418,0
0.47826482388437874,2.998865117187477,1
-1.0774051025685427,0.0763746057098924,0
0.8707319998280914,0.06070449589673432,0
1.9737472487667729,2.3307465609294082,1
1.1528090404981692,3.22268546412815,1
2.4353990474124805,1.6325053597232682,1
0.9355931723883437,0.3721905676408732,1
-0.6113143918212673,1.0312232722322638,0
2.778098868570554,3.0937970677890743,1
0.1349029442291272,3.4918672747845125,1
-0.3868511394405782,1.0958239983525457,0
-0.673592154117034,1.58250030733704,0
-0.4294363762304899,0.5255406728556062,0
2.86895171781977,1.5596603464313248,1
1.4652709890049551,1.741959990929065,1
2.8834773017131834,0.6322708946767848,1
2.0579705753561948,-1.237723470831078,0
-0.27123183741290097,-0.23987385646430803,0
3.6731641747158745,2.494954928494074,1
1.6758380630935197,2.467967819334362,1
1.6933397741196328,2.4494728380737176,1
-0.3888802547004405,0.9070904732120286,0
1.7119059767743385,1.402489610123753,1
1.0666627540597096,0.8397088848009716,0
1.174589250453257,-1.3892244806665883,0
1.271929729345226,-1.3051305196515512,0
-0.7070176974675545,-1.0513666699982913,0
1.3502646636258344,0.8751166510434123,0
0.7286129486594107,-0.37430210850755474,0
2.6413984891833566,2.8304768104579345,1
-0.22992376522899738,-0.5633469350166695,1
2.695087133174244,1.053980242591201,1
-0.3958205098726254,-0.29097006096913786,0
-1.2707503037195615,-0.413935112277859,0
-1.0947669431680815,-0.22621641366947676,0
1.8217874994073948,-0.1486389298351356,1
0.739580274578503,0.96638029504809,1
-0.7789709053711492,-0.2957029173015226,0
-1.2081236271255347,-0.6908844476113924,0
2.3911416713664577,-1.8511195027835927,1
2.342752527408442,-1.0105648296077505,0
2.887010564297769,5.559976488167861,1
1.767996163209054,1.1076356832617646,1
0.9905654198206408,2.8498108941988454,1
0.7563476661433255,2.975279732878793,1
-0.12519187839904983,-0.44183234432326796,0
-1.296371059587026,-0.1369237729033459,0
3.2876715924754936,-0.47946223688717904,1
0.46007570922029917,0.6451023389235986,1
1.815857630121238,2.379605478606289,1
0.048675149834308706,0.35504514514966234,0
-0.41280384427979333,1.9421144911993022,0
-0.7741815504930254,-0.6767640790092162,0
3.0958970855090313,2.289921774663765,1
0.3841362705401954,0.11314546386247912,0
3.2883024969362236,3.718016960410746,1
2.03764591300898,3.2032738506221667,1
1.9140688792898388,3.0190506155411114,1
2.0617670716032954,1.65723784395401,0
0.4109926901994234,0.70941309128514,1
-0.371043231010754,-0.7230021451841638,0
1.2479831173446243,7.156612856102058,1
-1.8993147108450916,0.36958000938803093,0
-1.0430916287119207,0.06892243208658316,0
-0.8538511477038722,-1.1989522785207813,0
2.506698919691194,1.6874522396278953,1
2.2469958354901167,4.2838246065008345,1
0.016556393931426494,0.5778619596683499,0
4.027168500296193,2.554810462343955,1
0.3163479348233587,-1.1275082704804928,0
1.5911788153934896,1.754892293061658,1
2.0774062090327026,1.071095777577321,1
1.0821837007756994,0.0026129688893308245,1
0.99811389254493,2.487664908684086,1
0.29873030941533474,0.7585914353286415,0
1.907055482780146,1.3111667217675331,1
-0.9806771369891389,0.1609199643691091,0
0.25049149040799756,7.120783191817293,1
2.198505084431322,3.4029402463563496,1
2.0967295286100684,0.3392968829384564,1
2.090808029920268,1.221331609442633,1
2.654911316686402,0.9053441991703877,1
1.9653707716906363,-0.45841007985009075,1
0.7471602666588921,0.3869323435342386,0
-0.5858892461242642,-1.9853111342994312,0
-1.3313471155951546,-1.5380706248860483,0
1.9017589116774367,1.175462945450956,1
2.4350804739336116,0.5234601817835729,1
-0.827489399665106,0.4237978692895617,0
-0.12029336869460816,-2.3625857866872844,0
4.545229731504176,2.759708996810178,1
-1.18417261508925,1.0012635799988163,0
1.025814326550318,1.6326287362169678,1
1.4853010045331163,6.287451812363083,1
0.6281266269887842,3.2962482479338897,1
-1.6563672480249318,-0.7217138156367146,0
0.20993526628231418,2.8980664831838308,1
2.128484749138927,0.49282752262513774,1
-0.47628263615857774,-0.8419050272850063,0
1.4322191833712312,1.0394792218674926,0
-0.18524526119869822,0.5130009480580315,0
0.4814695954606713,-1.065071590628548,0
0.520564320132747,0.01483528892976066,0
3.222195933739484,2.6556598236958804,1
0.8410770067860986,2.928782142616833,1
2.3259551966480956,2.090020108884259,1
2.1704623556086062,4.713108565240251,1
2.327132615110937,-4.916469171733591,1
0.5088428807944037,0.6714164323762338,0
1.7325437895112485,1.1961012479530462,1
1.2979718682720138,-1.2649861858916993,1
0.5576610097850361,-0.2568529776579714,0
-1.6295770578850293,0.3231053722032634,0
2.819048917713152,3.2657421017567954,1
1.5246908785659283,0.7332115143439346,1
0.1446451073633095,2.51172216986678,1
2.512267404718483,-0.2654049410607038,1
1.5409393954481374,-0.05191582064865807,1
0.056358015598181654,-1.1412658741821267,0
0.17656934815702896,1.9405045592068124,0
1.798049580606794,1.5311382106202305,1
3.0312301079350403,3.5568296823530923,1
1.6726632831203796,0.7199515941585903,0
-0.5387055598496666,1.1467746955026397,0
1.5017141479609244,2.974208316090407,1
3.751892720429254,-0.34362836220634163,1
2.4331487220002583,-1.4325811249743738,1
2.8760150552450368,-0.35817633678247773,1
-1.8516847761898234,0.661598735279306,0
2.1345088281314286,1.2249937719249626,1
-1.5905552693607263,0.7921902991225465,0
2.1328142308000952,7.329646609175149,1
2.1119037719927336,1.5232677054735908,0
0.8526596317991957,-0.4339581592610031,1
0.9353772645674565,0.3146181228473771,0
0.2888370648351857,-0.5024818841745962,0
1.2968232798733397,-0.6555785477458635,1
2.164882947510656,-2.1995924619388667,1
-1.4103425620097205,-0.8319008289709908,0
2.5779758500831407,-1.6994762359307236,1
0.9437819394494396,5.074746669597856,1
0.7831061892088435,-2.3800658827383474,0
-0.2527286769521304,0.9080098557090838,0
1.905150162132475,2.698926532766174,1
2.7092258999749403,3.1161480849137035,1
1.90125836787734,0.637626937816629,1
-0.27801779393162307,0.1479718154578561,0
-0.36554360670584707,0.6592426249457739,0
1.672895418007965,5.4307554104967934,1
2.4951343884882133,0.6937355969288361,1
1.6276942776608414,4.319129992473494,1
1.6859952295373857,0.8797446346035038,1
2.1717774225648814,2.0848827304016146,1
1.4769392629443834,0.9094653649368751,1
3.076204787944535,-1.4433235105679927,1
0.15818782944211296,-0.29766139829137933,0
1.5142569766462406,1.245047567983561,1
1.3082599490524562,1.5230672634106508,1
-0.0023319463777438654,-0.6082147660913453,0
0.16453100124846975,1.598570016852353,0
-0.4823579725548024,0.7708989956591348,0
-2.5677546665422204,0.8346836828423828,0
2.190668442601908,2.101912534318438,1
-0.5394358398837052,-0.40652653026038543,0
1.6225285034188341,1.2196447025918853,1
2.8535894604500824,-1.0267148367263759,1
0.8620143771052506,-0.016575499291628826,0
3.8236606709946352,2.741358662966615,1
-0.6164915380793783,-0.8271797172719957,0
-1.4681608749627508,-1.567333451622158,0
1.8190909791008307,-0.03791455351109374,0
2.295988027918896,0.55563059318512,1
1.9408465054531239,0.10316438981658926,0
-0.12784734543895637,1.5426427183859497,0
-0.5390994455541842,-1.7856693004895716,0
2.6500486847078646,1.4617675629404951,0
2.625019782738007,1.7637334614783178,1
0.5734451266431053,0.4094213679788318,0
1.2574183945025812,-0.6847324737969283,0
1.704028842426449,3.2043820372537684,1
1.5217448731818224,2.3101841244332677,1
2.1448339070719187,-2.7148657429410603,1
0.6910982850607748,0.38501597801182796,0
2.3185275501026106,0.34667434036829037,1
1.2433988387893486,-0.10889109896435878,1
0.9846575893376863,0.9080842124014026,1
0.8856151147186779,3.318788440209872,1
2.142941223059051,0.5813030842936848,1
1.1491060862690123,-1.1889805537631681,1
1.8544502831021585,-1.3268906129422948,1
-0.4535512335481272,0.8989450813461213,0
0.8160338214036532,0.9230136646168803,0
0.5571628251249878,1.4579838899218354,0
1.6375077062273167,2.7415871826777125,1
3.238493619890164,2.8972716096808684,1
-0.17708668678767303,4.003222227648614,1
0.09618158969643986,-0.6001322807759661,0
1.3977806657096425,4.245250023261098,1
1.1894069058564167,1.1923102121925593,0
1.0481827997890885,-0.412458087275927,0
3.6139845832121136,3.3009140891702176,1
1.3949144368888073,-0.01759191702779228,1
0.6007160117044691,-0.6120714884436828,0
3.0100187999569887,-0.4434103899356794,1
-0.4734881816545809,-0.8919177209918756,0
1.2322623949888678,1.964912225916569,1
-0.8466830238485182,-2.070470311622987,0
1.474687310624449,1.4097214675256755,0
2.0051163940087577,1.2475071504306352,0
-0.5432324899233797,-0.7658148753676287,0
-1.3854548928082777,1.0501871016492847,0
1.4397735559634668,1.624083566588374,1
0.3270500035711237,0.5255908857638071,0
-0.504361809508746,0.12003877280849179,0
0.028423012838844356,-0.07844594121535005,0
-0.48416030502019025,-0.6648571915121357,0
2.0568421920950652,2.8152870669404573,1
0.6089657202242877,0.061253318994208994,0
-0.0406309364941802,0.9132750489786481,0
1.3086890703553153,1.1440893044962497,1
0.9497891760631587,0.7498910078206825,0
2.088156500477673,3.187820721309408,1
0.47337148179092675,-0.7389912420153469,0
2.1992816040086143,1.405694715975975,1
0.8010263571088991,1.4363028103250994,1
-0.02779401683962951,0.7894705686461445,0
-1.6200095107179289,-0.18614071784170805,0
-1.6747249631365153,0.644022230970583,0
1.0040655978067885,0.4067022490451248,0
-0.5024076667937964,-0.18631994192792475,0
-1.7077993186673988,-0.11888365127296352,0
-0.046922332437956765,0.30386404883327905,0
-0.7214734721780252,1.2463690167802222,0
0.15672294665801187,0.6196282599750063,0
3.1359543339430456,1.912459015460939,1
0.06164502116002163,-0.33714505247614346,0
0.6607437210734488,3.187070466882962,1
1.8572335612792363,1.6552402508209312,1
1.324063496020036,0.8511314782408804,0
0.0667673984720411,0.9395351456700276,0
-0.6068303084730216,1.4076238095931575,0
1.5654126036401057,0.9970604726970569,1
-3.3115949691145348,0.7660459189557287,0
-0.9394830205590897,-0.6870770101953485,0
-1.1222261488613101,-0.12125132132114846,0
-0.5835726060913065,-1.22729763505964,0
-1.5676857195065614,-0.5534923943737443,0
0.0186505564858358,-0.11287171388803251,0
2.8717152661441347,4.389910310615818,1
3.7450088462214794,2.1784970686483542,1
1.8977949358692894,2.4280585438501334,1
3.8326639931043855,-0.7133453813675392,1
1.241764852001889,4.138349458618001,1
0.5033195907330252,1.1711974866244363,0
2.717718127269529,-0.14073815145148227,1
-1.5484415485967038,-0.5190575550147591,0
2.1809237367002963,1.2319769694662146,1
0.9037201193022995,3.7097904698798505,1
-0.6658462754659122,-0.16078058976049536,0
3.0463283801368446,4.1872438543912,1
0.3454559082563311,2.167818382521025,1
0.49728760455042487,-0.014045524971948192,0
-0.17702061934382335,0.8855547202551532,0
0.5049676582754872,2.589298066730066,1
4.338795501680568,2.314729302199552,1
3.487504632805636,3.212453583263586,1
2.790195123526173,3.2574451682155345,1
3.98488081107835,3.026729663875749,1
-1.0884025607724088,-0.6784051621459135,0
1.6500442414746677,2.3120696327314865,1
0.17780237483854403,-0.6201843797773692,0
1.2991590106180118,3.210319818427352,1
3.1235351596543155,1.2144167894483018,1
2.404018837195892,1.258997812180662,1
0.32640294147974497,0.16745392900779404,0
-1.1336550683028606,-1.1848393191776716,0
4.288948051222941,-0.267485363183122,1
0.8167539939406254,-0.11176516691575511,1
0.7350695618005914,0.0014331909502062756,0
1.1529894569532502,0.6584151005250249,0
0.6736648559209135,-0.2564131602704406,0
-0.055007855344094636,-0.3216617342840198,0
1.0612856058285158,1.7709295697328258,0
-0.061146478977739414,0.13472664790567243,0
-0.548810631065338,-0.5246753081129159,0
2.6626247561706586,5.429328729572001,1
1.8841748320692537,0.4562409616273191,0
-0.44887401013277944,-0.9374027615977896,0
2.5435020969036173,-1.7141551637000259,1
-0.28574826662996733,-1.325327729851284,0
2.127388525231475,0.13434484692112902,1
2.0031301420223144,5.318329664243162,1
0.309289319266971,-0.3742312900181343,0
2.099939940529572,2.0491690008852803,1
1.7017137313814228,1.8010396174456653,0
-2.421908761832073,-0.8832164048617004,0
-0.5680012803114837,0.5069823634608133,0
1.3067454683216595,4.568786254141138,1
3.207737769159721,-1.8784297948466877,1
0.40222562806739126,0.912488032922484,0
0.22816642406033605,0.8354560357946943,0
2.918583873071738,-0.085519007839014,1
-0.18171529144104082,-0.9260895546700799,0
-1.1011270233964192,0.832893434032043,0
2.2748211359745065,0.4638490848201957,1
0.36072980870768667,0.20674019299568358,0
-2.658781000607845,-0.5335205978234074,0
1.2799439596781,2.193887904020775,1
-0.5497166398057837,-0.5251381876108658,0
-1.2892947643027093,-0.7813208960348179,0
1.8614098440321734,-2.07454996514595,1
1.0626089633989046,2.2695784131703025,0
2.034309386455677,1.550985901834844,1
-0.21326889167736768,0.25333473986985383,0
3.408092285257257,5.087196281965484,1
1.7881527900312,4.648016557106356,1
2.023910328639313,2.8395864474608055,1
0.24294476930809217,2.989744409492143,1
2.6260890800917913,3.5833317942033815,1
2.453903032284734,1.7899953077579103,1
1.389810758830469,4.093079265490159,1
-0.5263369613516933,-0.21004209802860108,0
2.5109731909701862,2.958068434548561,1
0.6685250974335758,-0.6099777731517316,0
-0.31339818186423174,0.5278179804597349,0
-1.22557973823062,-0.14121122979125822,0
0.6332893386599718,-0.6643115079414965,1
2.658595612630211,1.2283821653458862,1
0.39387687207682937,0.34061417835481583,0
0.5393053512167996,1.4432954978315562,0
2.4432580512440887,-0.5917040787642986,1
1.9728325956672146,-0.3485132782115897,0
-0.06114932338582512,0.1281909778727038,0
-1.0504242605976901,-0.1582286762784869,0
-0.02951496792686653,0.7140201006524592,0
1.2238599212000176,0.17039533956273034,0
-1.2946848457930527,-1.2499055617583428,0
1.3238538918126386,2.411565307954169,1
1.0923396553695663,-0.6309585587835942,0
2.268574936452311,2.9192973034118186,1
0.09440315041166236,0.6482179559286037,0
0.08686491275624342,-0.6933792589403954,0
3.4362843924556445,3.1749742467217708,1
-0.29861312999478506,-0.08717776984315499,0
-0.5094227836614079,-0.2229528784217721,0
-1.1168311065468624,2.5724070214092616,0
-0.1078077123528598,-1.6681196407766055,0
1.1404503333886613,0.24397286756366166,1
1.177754978048805,-0.9133960666789611,1
-0.2921659177620908,1.2326716501912118,0
2.1214606959514186,1.2776838786237974,1
-0.6680284686686092,-0.23573464779587,0
1.1049654248332725,0.4396258064720181,0
0.9238001280802086,-0.6769961629283422,0
0.8582687354935722,1.2783312731764571,0
2.375834448732748,3.272467864202774,1
1.3041466887541198,2.0958445640011987,1
-0.5406747471470441,0.9059171891440485,0
-0.8514974009938718,-1.58632632147725,0
3.708762733024555,1.719979772701734,1
0.4485573286400808,-2.587787627024242,0
-0.5034838751901403,0.6754096208622213,0
-0.8666295882211617,-0.38779368270614223,0
1.6506351672083754,1.4027999089604324,1
2.3377975860685583,0.9429957702279268,1
1.207218143260131,-0.495236052434865,0
0.2557428155748951,-0.6007909085312129,0
2.6224912063006247,5.03961509662903,1
-0.8891733091515552,1.0947761546277768,0
4.347015008158168,5.397842605397214,1
-2.6352977451518997,0.32671258445168805,0
1.0495736017840676,0.010332626538018586,1
1.9649009231193015,2.450007412093481,1
2.0291471396946963,1.5451141389480398,1
0.3350161467930083,0.2166403176952731,0
-0.4891574950930528,-0.210721033529779,0
0.050972831393325924,0.7166213786707394,0
0.1230698919720058,0.20526089452247515,0
0.05653339575543506,0.3903056156281617,0
1.6178630818400423,4.553427972273171,1
1.6708301202251814,1.3350115327280014,1
3.2830017504435545,1.0708261529187073,1
1.85615909532493,2.808914244725151,1
0.49207436500801416,0.6710633419435392,1
-1.1698645114410267,-0.3292548256528599,0
1.428213429005008,3.390790841468836,1
-0.10261222065150954,0.38957378093356665,0
1.7690161890283376,-1.2276164646873649,1
0.6517178230090117,-2.7292812022421336,0
-1.0165188937322769,-1.8516041367304383,0
1.5759500514218598,4.384566335674327,1
1.9455336548230777,1.5810572978202457,1
0.4453573040989599,-0.6142474171167257,0
-0.31739272441188804,-0.4194375342177067,0
-0.33018864064393805,-0.939543919370828,0
3.03327358510501,-0.8803866404100069,1
-0.2554531239224125,0.7607967103843529,0
2.5869380452785036,1.5222429909586093,1
-1.7701685029388978,2.1827277445354887,0
1.525661910637857,0.9216150747231101,0
0.24034548065964179,-0.18959119968722604,0
2.467858561849967,-0.22996511030468847,1
2.114338482310391,3.1105023396187343,1
0.07868277910032712,0.7263410378495709,0
-1.010184093010113,-0.4291832691653226,0
1.6231089318857317,1.3723159045139268,1
2.274476956288652,3.1246823967536157,1
0.06805846678064845,-0.13138814123331496,0
0.9046311292648375,2.2616584655545195,1
1.8121308550537556,0.9490631608645466,1
3.094424711626848,2.687302851264201,1
2.5208164996018585,-1.0463029530300134,1
2.5708877436776185,-0.6361094635239044,1
2.2278865645892116,1.9285040643203666,1
1.390701313419936,-1.4375870687003285,0
0.5612516006004754,0.17389806133182223,0
1.5903971640589623,0.4216763324414594,0
0.9234889310154835,-2.7064545776170075,1
2.6868788681056044,0.5580247617756215,1
1.4994694357355904,-0.9131443695791899,1
3.6055252445511474,1.5548541383389898,1
1.3300356196015257,4.1625738472431735,1
0.984029915628726,-1.057088025500896,0
0.2692085296911222,-0.2360352741020279,0
1.018862088449275,1.8934404209550484,0
1.0175927564910852,0.05185209715720185,1
-0.35941807511360957,-0.9374034595140986,0
-0.18814134923682124,-1.8838625534155597,0
1.8857180649870138,0.8028265962592671,0
3.101348429621106,3.404151476021334,1
3.0961977636350895,1.488081768718462,1
4.134306477843418,3.5883580494369367,1
2.3001134747906598,2.2080182975321874,1
1.2971620633265704,-2.7526928270324458,1
0.21830696590360904,1.0810535547784288,0
0.35954107545349057,0.2645283175719164,0
-0.39451503910716357,1.131002371564027,0
2.5526055838512747,4.7990958703307705,1
0.29431414987691756,-0.2915239798337646,0
1.459380878557163,3.5402984148845515,1
1.1237531210949439,0.4247964783250706,1
2.166736860953951,2.9143041942830896,1
-0.7497094356598144,0.23222054807606407,0
1.9438690656868685,1.2354133385418455,1
1.6489059997627256,0.8882200712890957,1
0.39343992515245585,0.22209564967895323,1
1.9540421901269196,-0.8912703417188199,1
1.8515765295845705,1.6379722523192526,1
-0.6225429207801498,-0.2327805982025381,0
1.4716567185575047,4.420892072919168,1
1.8423573761309786,0.9839191689182176,1
1.2269424407499774,1.041178706904032,0
2.258978341451599,2.2588443697604537,1
0.06602858867754799,-0.1686149740754021,0
-0.7653718869018884,0.9774974456238328,1
0.6092336545803954,2.395078569953206,1
2.192851922620728,4.484093228323555,1
1.2593259791810443,0.3833528537412008,0
0.38985585284354884,-0.22399937652370033,0
0.3026520715888694,2.8009309957014894,1
0.2603378387886274,-0.9985923994351305,0
1.0473365003919994,1.0951958795918069,0
2.597958911741968,4.0530937476080995,1
-0.4783681776696589,0.8247156492722005,0
1.6188481147306728,1.4136355412614778,1
1.8398980066664072,2.0848817207998778,1
0.13265980219007453,-0.5675760783800751,0
-0.04286427181898911,-1.0398534317016663,0
-1.1366750803363175,-0.880910928684826,0
0.11489142056886201,-0.19206961227816285,0
-0.6944348972923708,0.7178550752680843,0
1.9787189929816236,1.587962125998803,1
0.05177931367020061,0.414888841639086,0
0.17690751207872735,-2.8432093667333334,0
2.3247026546823126,0.49109823927255003,1
-0.04027304204128124,-0.2223808936277336,0
-1.4357747173328854,-0.4121018866177385,0
1.9950031601280243,-1.3313009985781696,1
3.724525699787452,0.8926648392488405,1
1.3428483743269255,2.233260970632481,1
-0.7834146975221397,-2.087786846833474,0
-0.453881051091494,1.0265417180025207,0
3.043641383402365,0.9820786520142248,1
0.05598535546759087,-1.1665587424641017,0
-1.092805493383492,0.07040160154198116,0
1.0107427344745727,-1.3993814184756086,0
0.722036276068365,-0.7618500219334206,0
2.9444892112311636,1.3396101790067636,1
-0.18904871609700846,3.93836771183296,1
-0.6172406683999505,-1.6172617788495647,0
-0.8527858956471921,-0.18790226100133411,0
1.1349976023639132,0.6703251030324258,1
0.4093540753866182,0.17260531404309282,0
0.5721300529009488,1.8172835601034267,1
-0.17571838109465343,2.9420329816854385,1
-0.8353266384576747,-1.2036429480923792,0
4.197685488996752,4.4138811399609,1
-0.6710278905617257,-1.0602837540078576,0
1.675423955457655,1.7799749717443742,1
0.9283406223189651,1.291715767875658,0
0.8914673445043804,-1.4058459150767026,0
0.8428955050133082,-0.3151577593042179,0
0.6502339493053408,0.1814625767470541,0
1.8637734627905251,-0.4374947497882379,0
0.3409371692705858,0.9249997493585308,0
-0.44753345526949495,-1.7178727499041697,0
1.7764548077398754,-0.7460084864193202,1
0.803010555982882,2.6556950571829434,1
2.7378751721218766,3.42154027668146,1
-1.8121943132986187,-0.5536809587666449,0
-0.5374916345674252,-1.4483294757145606,0
1.8612191245582401,3.6820602340249544,1
2.1624194349683425,0.5780902542596338,1
-0.0409361721869127,0.17286366358747143,0
-0.6356845819873989,0.28839570403004416,0
0.3730050002866304,-1.511379427258789,0
0.9344139766380847,-0.5654875591064736,0
4.086028334323501,2.3449805752268547,1
0.1621131580582033,0.8872320640874949,0
0.23246018555068887,-0.04915525840340894,0
0.8705313287222196,-0.3648585682908528,0
-0.8307144130800126,0.5326054559104553,0
0.9170173567047931,0.08142379238775138,0
-0.026725408562988884,-1.052607636181978,0
1.8382254430272758,4.197342501115725,1
2.0407945928297653,5.915431302978966,1
2.3742036919994236,3.522812451881628,1
-0.1282770555446313,0.9186125792479056,0
1.2077991080221833,1.9687945722151474,1
2.6664287715829755,1.8110601279272285,1
1.1656143048271388,-2.882239161702982,1
2.4153234433547444,2.396775076806723,0
2.272014654433205,3.620271079436061,1
-0.7421123420812823,0.29693842166298656,0
0.5756165468462402,1.2339952503883709,0
0.7217427049136125,1.468051431800856,1
-0.417955974883631,2.4365026498093476,0
-0.13208366534537055,0.26627756283114234,0
0.38679914746975697,3.891211947552346,1
-0.3868686894493749,0.3377489384441881,0
0.3496291853756406,1.636938154856749,1
3.0409154422773534,4.132285975901429,1
-1.3293844216049722,-1.8622183973783328,0
1.717966063273716,3.2467052020893745,1
2.870966591356264,2.94098661443879,1
1.1744692682920346,-0.8954787854221498,1
0.4559638891332901,0.1952253758575423,0
-1.6904893114572226,2.0263454591418153,0
0.2502681092886412,-0.3693679843889862,0
-1.0807782144846272,-0.22446788684090918,0
0.6999923986573202,-1.4740869684532332,0
2.1099517657198,3.175807792790086,1
-0.4583663520321105,0.7573122834930497,0
1.2703771509482369,2.0591831229825246,1
1.0475842382077047,6.55092259259125,1
2.2967536777969793,-0.21690124911668374,1
1.3769060398901996,1.004259642131807,1
3.4818519915830732,2.241802833891369,1
0.4567240078726722,0.864128032507427,1
0.46277612427626136,1.7572378546303762,0
2.68190537712455,3.329193851382609,1
1.4639089390483608,-0.13839806337487204,1
4.014493438924129,2.891182164750409,1
0.37488736704855596,1.3114274066463016,1
3.6497142226473436,-1.24200144090439,1
0.765989324660288,-0.15787797549546934,1
1.623657235164372,3.749034205773147,1
-2.091477492499812,-0.5322883227002393,0
1.3959331112903235,-0.22722662780762115,0
-2.0375678132672794,-0.03768216161445459,0
-1.0513600703039734,-0.8807500424019998,0
0.5509747339010069,3.982922509002812,1
0.42772038132914114,-0.13109312026558023,0
1.6534517464211236,-0.012083183495180894,1
0.911979249411256,0.7790947206465283,0
-0.5314758798042877,2.270207928938772,0
0.5694571875180919,-0.644971713527961,0
-0.0928974596543384,-0.36838533340761226,0
-0.12976658565765775,-0.009079574532030836,0
0.43842966508360903,-0.1374949615086442,0
2.3661436891063414,2.4489016896829003,0
1.5725838811655362,-0.8124070151683074,1
-0.920437969409547,-0.25965898703485485,0
-0.3315628268401335,0.9258053679529024,0
2.4504511046752038,4.258598238389071,1
0.719089593412098,0.09536738911221715,0
-2.2992294304103984,-0.5098712430729445,0
0.4422458611312725,1.4964444816148372,1
-0.43689025320133895,1.2699827567917947,0
-0.7008737945096994,1.2850336141380418,0
2.113097533340853,2.503280937689278,1
3.184105305368968,3.1343201957784634,1
0.36091539569434383,0.7325068714235806,0
1.8544968043164043,-0.6924310492226429,1
0.9993878044079336,2.976888774006912,1
0.9848310981477126,1.350856987899643,1
0.3758602865886469,0.6176391000926119,0
-1.176897649059486,-0.025910188434751902,0
-1.1827528930998628,0.06711544324950725,0
2.7188730177798455,2.827183552111957,1
0.2506057079864203,1.1985305409394558,0
2.045066900199162,0.49637865936045156,1
0.33527949245125654,-1.462874456727714,0
1.758759421423201,3.5256129453207405,1
-0.12623921671150296,0.2871246659623341,1
2.3336732907243736,2.5234367519504657,1
-0.5860505132389658,-0.8423815983990585,0
2.1709931718976883,6.356953861139504,1
-0.02941053453385966,-0.0013558785692635526,0
-0.36332370024925853,-0.7745569166192239,0
-0.3247793372825919,-1.6924117152802913,0
2.8534623786271345,5.649314731061288,1
0.17943357710652236,-0.8309150347184805,0
1.1257424359225872,-2.717592598837328,1
2.5778114299065393,-1.6612787519029668,1
0.18936961496671234,-0.4315504185256549,0
1.8094844047107532,0.024033236848991946,1
1.4017340493595267,-0.5804141896292454,0
-0.9897400279409801,-1.299646485868731,0
-0.4990869188465511,2.0135913678005766,0
0.31183534675414104,0.35730633023695585,0
1.4773723033250654,-0.22803408750730025,0
1.1086639226931614,0.04191445131207894,0
0.8577301871330077,-0.5101442029132183,0
2.5185866759696047,0.9445095807481136,1
0.7149563647476607,2.4629562073587787,1
0.2962965367859617,0.8378287708745835,0
-0.6075561292008249,-0.3133341289756566,0
-0.05171324712090683,0.5289782594911463,0
-1.980286616600642,0.06897811429783429,0
0.6443898340462462,1.4759446833168526,0
-0.4914393482648337,-1.9836542369072525,0
1.8503386371976505,-0.4795088507083287,1
2.751059681073354,-1.562470180059563,1
-2.1233539491480165,1.1527023899564903,0
2.480653129800314,0.8050998907659892,1
-0.2962075576284235,-0.09971511827994746,0
0.6667758691251714,-2.471973458574621,0
1.7912718240854413,2.8431559954489067,0
-1.6365664756579694,-1.2484333401062406,0
2.4749795389997096,0.9130591372870307,1
-1.954313391492132,-0.6381712392177616,0
2.5905098305758085,2.7135987759317644,1
1.736387476535562,1.6908689481456511,0
2.4384798242155408,2.4992653158285205,1
-0.734849806953747,-2.1483831099186776,0
2.3452886967624975,1.1429035099043996,1
0.08536921368482592,-0.7368282184777215,0
-0.6850353723867935,1.5957556077815855,0
-1.1774374843472155,-1.0176906773976921,0
3.6636713707750306,4.603738182935981,1
2.3527689307209627,0.60502330019207,1
-0.4103792246723652,-0.49782635174546463,0
1.8596871564289361,3.974311043788973,1
1.7779312862993915,0.8263003752255469,1
-0.03481930202899575,4.798680294835551,1
0.15735466167779277,1.2457772667590925,0
0.6219079290402396,-0.7172616510304729,0
0.6843516727056005,-0.26796723621620483,0
0.09798630387548712,0.8938422928833862,0
2.1558741505438213,0.9395607222277136,1
0.095517409882726,0.8825052397741289,0
1.0953601112670703,3.848370621466609,1
1.0588461858650504,-0.04845788199929513,0
0.8914723633055888,0.9571794746738782,1
-0.1179535858716757,-1.870664454238876,0
0.5874179531295727,0.8918925626640138,0
0.80481811583208,2.532647981498874,1
1.4947019038747476,3.353476059585075,1
1.9598425691066246,0.14918234212482895,0
0.6952469384359643,-1.3475791339770378,0
3.4007301211144854,2.9766939125507004,1
1.9802048653870983,2.7928382165075765,1
-0.5385042299412859,0.08901061156452764,0
0.9858307147798934,0.9942916042685761,0
3.103404901160208,0.1415798895770881,1
1.3949288077419708,0.775370208376712,1
-0.8517852976879124,0.7585173773505975,0
1.925198832077227,2.7841658749338145,1
3.159162008061164,4.05779446231635,1
2.150969777857224,0.0370549891462284,1
3.549178017601549,2.1144296531993634,1
0.7276006782131437,-0.02570694044450167,0
2.02987305176783,3.908311212464203,1
0.1530962652125332,0.23061356024552598,0
2.1435797756553825,-1.7843210811561905,1
2.1661364374230123,0.6306690841301525,1
-0.07452676983112161,0.9101199282844321,0
1.66733163683169,3.2185050634103423,1
2.5899907062326846,5.9685502061986195,1
2.3936967929821638,-1.632541031486804,1
1.8170535332294322,0.8836595311691848,1
0.14669694286645213,0.9405442414477219,0
3.4850911330143806,0.1908419762478708,1
2.860935361620168,2.911069850223918,1
1.3505225643309167,4.4840194589094065,1
-0.5035468448469373,-1.9675587103542453,0
-1.8269030223650975,-0.6457918347651781,0
0.9668534901387482,6.33958293421354,1
-0.4606284035295972,0.03936155624251936,0
0.004662236348822568,-0.20530101505365694,0
0.16414996832982326,0.7960776846255639,0
1.4947829616120418,2.7013986358545585,1
-1.0344259992095703,1.4482967947071106,0
1.3155781197317635,0.12927300307875944,0
0.6043370245006345,4.733152463875421,1
0.4109492234807795,-0.6110200704013719,0
1.9468467270943868,-2.9233970822756987,1
2.1161251463331108,6.010694553473496,1
0.5622686641527046,4.500074040831068,1
2.096144949956276,1.8153257159836245,1
2.699540798329662,6.0046610889733865,1
0.3824994348011399,4.599230292088199,1
0.27442732869833875,1.4233772950206531,0
0.40826555912533924,0.686968361995942,0
1.2158444651413751,-0.49633055657276176,0
1.6648927776351237,-0.6837374503710758,0
-1.1824657779869292,0.4300304151544995,0
0.5028579606425327,2.267707458480831,0
-1.2206393524774817,0.5644500154305885,0
0.779527287520993,1.365976063759128,0
2.5414407484586747,0.7538683787909888,1
1.206964541319649,1.4240428087493848,1
0.5207148154894494,-0.9912542059907846,0
1.369393465087307,8.069157746227603,1
1.057780964900107,2.9778674026768472,1
2.527651996053793,2.617979278280041,1
0.36833117542222693,-1.4380430335660304,0
0.3581060658634352,-1.5486073677935115,0
0.4963051495360825,-1.5324243149669101,0
1.828513686998264,-1.881911345125015,1
-1.5993949685941729,-0.9907055508900169,0
0.20912283470446758,1.7048499987589556,0
-0.5082842384281554,-0.34373371174968176,0
2.0559941660908976,4.252546958391857,1
0.18332003443851963,0.21402562599720465,0
2.1392327620891978,2.18081895074653,1
1.9893725374060776,-0.5343787430713327,1
1.3829306611095982,4.405917805002552,1
1.2570872671046738,2.741652874958371,1
2.2391792861785773,0.7238656963385494,0
-0.08534648137640061,-0.6014104922870822,0
-0.34538409400285497,4.722498978672707,1
1.3015121759974182,-1.085486599339713,0
-2.552110072275206,0.705578147418195,0
1.3190997418385408,2.711573283598967,0
-0.12373534208053114,-0.10628934535025375,0
2.153698017714814,-1.5743959614378067,1
-0.5075575190753512,-0.5523025895281297,0
1.2267694124511972,5.7352000475493226,1
2.4527706005663346,2.892775578732425,1
2.170170750472008,-1.3021399460971832,1
1.687162682981759,2.883600550296726,1
2.1086002672660937,1.2096507362946753,1
0.9682120586974743,4.011303781612973,1
3.0485800987236393,4.637444241945149,1
0.39563674982601094,0.4414357098489492,1
0.7747412122522566,2.2593083493127475,1
-0.6137986955213285,0.6256519947107028,0
2.1268730930776885,1.186901760744512,0
1.2876015272778703,1.3302602270644006,1
0.29844844587463815,0.2602812032672069,0
2.854918345409079,4.797594985228004,1
0.9944084964593491,0.3805224475713801,0
2.0787566493878513,4.497015929488149,1
-0.8339115844768938,-0.8414645096788929,0
-1.9833627072679758,-0.23338899774150357,0
-0.1121220340125757,2.0153167618452406,1
-0.8498290452863817,-1.054034186409179,0
3.0373927852538154,-1.0722938766458667,1
-0.9042258017068641,-1.0251485736684272,0
3.086084671425881,2.2581151761056413,1
-1.7366975151634665,0.09948719115629034,0
0.5738067382325103,1.7975000278303899,1
-0.4503456294045859,-0.6347298741363039,0
-1.2443501802092887,0.513257450770223,0
2.6605934811996272,6.374643523152769,1
-0.8883143862020855,-1.3570639185863316,0
-0.14998407354452137,-0.900987216666492,0
2.2165410589906727,2.0330053420495595,1
-0.21148167309769916,-0.27787335677545444,0
2.19854814985133,2.515245796557854,1
0.963595724418409,-0.864779313099421,1
-0.2341220821425689,1.1196007151926621,1
0.5192185232162694,0.7810294587134519,0
1.5245021565676655,0.8985490132064853,0
0.6709662151632851,0.13967051144009002,1
0.40327146786624857,0.059097798769595505,0
1.5714720414194034,1.2735937506177,0
-0.233625058003036,-0.17551649128676233,0
2.6002744792646437,2.2809555187891015,1
1.2374466490426483,4.608608771325807,1
0.2976416794330035,0.9894401067291607,0
2.3948030397711495,1.9176056791290785,1
1.2635965177152386,0.645690252111524,1
1.463662380649672,1.9878780842988149,1
2.1524859845119257,-0.4860436530777461,1
2.202692054478123,4.40166018616879,1
0.9159960105623635,1.3493368130120724,1
0.8947201845968407,0.44202373720471544,0
1.2532529834750914,-0.5651084037623451,0
3.043207965305421,0.8653152142076972,1
1.2340908633589027,0.2507587434046363,0
2.430054729420801,0.24152345879619985,1
1.5695647839781384,4.699176843383141,1
2.574130342103926,4.114510141479389,1
0.349863296130259,0.10409973708738582,0
-0.11521938481668481,0.6366397521682934,0
2.2933498587254,0.6799451533713241,1
1.073631908348851,0.314040581090534,1
1.6185428944407,0.1810160775281131,1
1.7018285656422583,0.7847564207296074,1
0.38132435138757426,0.6445250245301088,0
0.3799516505264381,0.07335917970161407,0
-0.5671841741827234,-0.7765229741424546,0
3.3207044076291954,0.7613366042798702,1
3.2538037592069866,-0.34557905627587715,1
-1.134722660821069,-0.4188769578823303,0
-0.004019327483955393,-0.9578728633040094,0
-0.19231825281066653,-0.43906569122974975,0
-0.2963721498230393,-0.4096528431373894,0
-1.2668977275842592,0.15034932975976822,0
1.64322758946548,1.097393743529334,1
1.2772348592389147,2.4623175018236867,1
1.8088356340274383,5.235804367909031,1
1.9588758241137414,0.7421574285593651,1
0.4668425508171641,1.816581065072265,1
0.07962851194858733,1.5721194700541234,1
-1.0932969336663765,1.7725546309515992,0
2.6579163573185562,5.480158852061467,1
2.710848860467384,4.565923765766956,1
1.0057324732890294,-1.0309738649358784,0
1.101488963883921,2.297232034566366,1
-0.46152859841156846,-0.8153217580473962,0
1.3606083927475494,2.9576030862259746,1
1.9578678862234695,-1.420252156049894,1
0.19962734781278876,0.5589017086003755,0
0.0025888990818794533,0.17202254770390218,0
-0.12501975758787776,1.461305548747904,1
2.157975169223825,6.294996135761999,1
3.3825163050268836,2.41858854943535,1
2.012076343358394,2.11936351791151,1
1.6935404311710143,1.1447885456941382,0
0.8492762163408687,3.993359944598188,1
0.5798902918256212,-0.45360771150688534,0
-1.7953370840444576,-0.38128177539241537,0
-1.4973527773578215,-1.1667639677356094,0
-0.7147473390238956,-0.05388076167765826,0
0.0037562255300188363,0.140080520723753,0
0.5190991953639922,-0.627677939582783,0
1.9183391985341982,1.7320103264407856,1
-0.5181941581647911,0.9693726719333028,0
-0.3195569492197692,-0.3945059067146199,0
2.556725395884707,1.1504435257508332,0
0.25839418867756203,1.101225968333304,1
1.5196619706321763,1.8333216692190426,1
2.579856211417929,1.2063301441012868,1
3.3861819265654294,1.6331771357478853,1
0.6776553503333139,0.6156968875299155,0
-0.7166514330976064,-0.1300156537742056,0
3.4486564626852587,0.3459223767396995,1
1.1002193337022217,1.683823248210373,0
2.8473181439977275,0.38756155770911005,1
1.3860304990763668,0.2443341495702691,1
1.4761684116847047,1.5445608076635178,0
-0.10589524669853667,0.18882681210508617,0
2.595956504678007,0.14958957939769868,1
0.12464280277827011,-1.2406485088898347,0
0.9597579918567236,-2.3127267191613683,1
-0.07881688028490119,-0.23455831186886256,1
0.8441814353235422,1.0127938797990197,0
2.9352725085042466,2.9178638851685528,1
-0.6380793919980283,-1.4518396355458374,0
-1.1092830857274365,0.6718216793168322,0
-0.5129590698351888,0.8849237815692746,0
-0.1045933478941361,-1.326795273748689,0
-0.7038880905986546,-0.48440804366273404,0
0.33144119692936136,0.20200645149904578,0
2.1825820707056094,3.279366149337209,1
3.8585574432255996,0.7848619992988874,1
0.43529179554806097,0.04396928957711477,0
0.8521932062334292,1.068458380397997,0
2.1182889955602753,0.9620225529843975,1
-0.3812814935328178,-1.821153727594048,0
2.6348558042143533,2.2027633256432577,1
-1.4848797339281956,1.5929435656058206,0
1.212524711632693,0.6455195392640711,0
-0.48763706450115774,-0.7458100474852777,0
1.6148946767245669,-1.0168208296797232,1
0.34540239103375936,2.4270894728641124,0
-0.8976855081365365,0.2276234141363047,0
2.687344317252332,-0.9978863070835051,1
0.22496396589779524,0.5422718089470139,0
-0.18303275178025183,0.4515603157525036,0
3.201966048033303,3.6671890845383026,1
2.9157525332312804,0.12059546175721159,1
-0.8893262086510109,0.933569112117143,0
-0.6768069900586773,0.27250611937773944,0
1.7095937567247934,-0.10822834517672852,1
1.3892282604597432,2.764751513012619,1
-0.5639255556280804,-0.31258165496239015,0
-0.41133206219887475,-0.3275683317261696,0
0.25691838014904667,-0.18173470258811653,0
1.927610354889109,3.0989059404460275,1
2.6453904810982096,4.053545395086056,1
1.128593158471837,4.348471501028352,1
0.023104566403401527,0.6152835194274549,0
2.0447808015360573,3.966685368017195,1
2.6335327830789543,6.863572497253811,1
-0.8334150753584664,-0.16596415908612144,0
0.7243688032326129,-0.0351370687183975,0
0.6549679338198143,1.1255418737019154,0
0.49322137272128597,-0.15754459669872284,0
2.228490540055129,2.1130801754457296,1
1.2389757802551076,0.11757144624542715,0
-1.4860548938198404,-0.7282439956661311,0
2.6662595835068914,0.6076794207351011,1
2.9180760379912214,2.8534142906799436,1
0.4115579167651571,-2.1671514553173754,0
1.2851638201051623,0.9418153289438156,1
3.81313252273351,2.8622248912159916,1
-0.37783649713267614,-0.3163183807342232,0
0.999505820122391,0.41286905231814264,1
0.6333861883466323,-1.309295759980834,0
3.059842413947781,-3.403083410417328,1
2.1025808259713235,3.0205387194558684,1
0.05262630562402615,4.210762622944488,1
4.234921759888236,0.539333879359772,1
0.19066142368029992,0.8372235801253021,0
-0.46737386030905137,-0.3335279589499784,0
-1.0968218962640721,0.1231433411548099,0
2.4233700710756585,3.1892082561616393,1
2.8154083886875614,-1.2069695551035897,1
1.2544476348511011,-0.277376462963673,1
1.9656795198767756,1.7786732384722086,0
-0.0943775611925678,1.123181009679978,0
1.1779587953054262,-0.734280268253699,0
-0.17225979169683903,0.21094459979072044,0
1.0499271805080856,1.797985608111735,0
1.108574643721215,1.462476988226812,1
1.7021836715262364,0.30976041261728193,1
2.1596771295082324,2.5304034791009147,1
2.438343507090841,0.7449012727434454,1
-0.3477126811596018,-0.4691292406260558,0
2.6471131139709367,3.362101382263751,1
2.1797535961212673,2.4806279961963806,1
1.8869447359681135,-1.260985551585724,1
2.796808941916047,0.6727813857198448,1
2.089831312836662,0.7834537861539186,1
-1.9472968893602376,0.4833722277187521,0
0.6855410051305844,0.42737958151609656,1
-0.6234903368455236,-0.09337683157679044,0
0.6874105436203769,0.21651356678527647,0
2.085002030243689,3.0975125971222583,1
0.8572105909621339,1.0798084913835477,1
2.850336020980159,4.04180301794039,1
0.9703807588342549,-0.1722218182736615,0
1.1207049893766845,0.7562661651380573,0
-1.0336126789876066,-1.5203808550548588,0
2.4232758919481645,3.9649512418433104,1
1.4142978442625753,5.73656906306986,1
2.8580777416111736,1.764216319285476,1
0.15234151250463013,0.9018142694523348,1
-0.3691166747365906,-0.12190122298144997,0
-1.2863001177987234,0.31597664375210927,0
1.3227925908194473,-1.7867282801697093,1
3.93485433573282,4.4764803040369205,1
-0.7048972123766432,-2.3175468506717904,0
0.033224064827766964,-1.6550028886316919,0
0.8767455981833552,1.5779623908977536,0
1.5365691703216189,3.415854104228304,1
2.279311303281502,-0.013596823332535646,1
3.281126119320284,4.319190616774394,1
2.2515816735801915,6.522460851212256,1
-0.7055451943876706,-0.10372469544465063,0
0.2599828866843693,-0.673088552959258,0
-0.6187544447277452,0.8769733478413041,0
3.099930458722458,3.4033329699798536,1
2.8268276538079595,4.139940622830033,1
-0.05046847165737178,-2.068208926639989,0
0.21734520110877253,-0.2636299761025548,0
0.5863543925247461,0.1337962109218206,0
-0.1055853755109255,2.441349016023274,1
-0.2579039643113894,-1.7709684714669538,0
-1.1752039222727009,-0.22252524526877493,0
-0.8646508183660312,-0.3761443232413575,0
2.0652279258058455,-1.2607818422981536,0
2.029948529122453,-1.1429914718839058,0
-0.14707492001190514,0.24266708869812467,0
0.15882205191433252,0.42433930634640016,0
-2.9759714697669892,-2.086662250801345,0
3.3387145467419197,2.56813920192442,1
0.5465175531840603,2.1023236210456813,1
0.7069021596097222,0.20934307985224568,0
2.2890645305505313,0.7437205705695583,0
0.1541356140803128,-0.3746359766367111,0
0.7267447850761131,4.478104448208529,1
2.760643556985757,1.8566209718160025,1
1.6268974034215535,1.0056134226807574,0
3.0694619185235683,2.631366824452075,1
1.2279249678782835,-0.3523239876895925,1
-1.3586748327340887,0.6333670099127078,0
0.580321967742006,-0.3473702723389347,1
3.4364203251686245,0.4780009035406356,1
0.07165619493801173,-1.0627098546487481,0
1.986090501660894,1.1538931493565852,1
0.8892445972909773,3.810189722789966,1
0.7570518246766533,0.0762102634039466,0
2.778037362442082,4.044092746129572,1
-0.7191599985446113,1.991756740881113,0
2.9493424012999756,1.620651395562844,1
3.9533520895539445,1.1015438604607157,1
-0.10645968321791321,-1.1550439260592336,0
0.23988536996094778,1.3058546370455877,0
2.631452466833413,0.11101799062347073,1
2.4522393754239986,2.5389159691652825,1
-0.20943773847201053,-0.7098627812262601,0
0.23651618763805277,0.1331785181005203,0
1.444882535667741,5.94640051822892,1
0.22524772308732188,-0.8453815687736318,0
-0.06081528122410351,-1.5270327032425226,0
4.437364843353906,1.5270224791188192,1
3.810696727639278,-1.3073298907611175,1
-0.14955070037470408,2.6248584108755364,1
-0.693476164262804,-1.3594828144818387,0
2.3420495678777233,0.5449988048840009,0
-0.06940486943351809,-1.9904404295431097,0
-1.6162845681415496,-0.11874187579047635,0
-1.1957946036860985,-0.928335593235365,0
1.8954439533630547,1.6438151758574482,0
-0.2170088814296235,1.8019881622095575,0
-0.8705136025980033,-0.8911122549805285,0
-0.28875085232246284,0.9960036382976418,0
-0.6348814287834672,1.3758432565748824,0
3.3316251838050635,-1.7908683759216646,1
0.5868652498166747,-0.1070720963086266,0
2.0785456276670193,2.569240110870074,1
1.0691765981843706,0.03048312336710446,0
0.7406316659973322,0.8051392005508946,0
0.7080932821541868,0.11149453630688955,0
-1.585181254265775,-0.26237177995839334,0
1.8258276103257198,3.8169887144780446,1
1.0656128497104884,3.1073776917792504,1
2.126908290330073,1.7776754454631578,1
-0.8137383821088214,0.8839513725516177,0
1.2336131973614344,0.8195155089047568,1
2.223421025821418,2.035635807441316,1
-2.619919781736537,-0.9696960555169694,0
-0.023512242351658053,-0.16446682209200292,1
1.111648794591625,0.9833763995555946,0
-0.12886993387771145,0.5676811279727613,0
1.1039553406578504,0.5905198163714263,0
0.39479563230241604,0.9721117363533396,0
4.179778311214676,2.3229972549252875,1
1.8786054102409615,0.16405374593864397,0
1.5656511134684956,-0.20733477419784552,0
1.5819123236684778,-0.010236531133557047,1
1.2634577788288786,1.2776549242708202,0
1.6135168524606696,1.040940666935559,1
-0.08411863341291581,0.5394180388522041,0
-1.1984584350775753,-0.020493815244278624,0
3.4908780168945532,1.7501108639974623,1
1.7798316434948929,1.3070659778401474,1
2.4560555038767573,5.696165526414035,1
-0.28044898743527935,-0.5987614255180027,0
0.7754671959366899,-1.442245074528784,0
1.2943239896026266,2.1248247149726573,1
-0.6345479725474791,-0.5841715159827505,0
1.9561509553679817,4.151030116887316,1
-0.301464740038617,-1.921492803169511,0
2.0109012973751206,6.668269490676362,1
2.3033950401131427,4.316273867429599,1
0.6395958170252334,0.04755428847289489,0
0.7834060405647308,-0.8004157237723563,0
1.259335125854745,1.0594052503855185,0
-0.10169645691353266,-0.1310526631799451,0
1.8510832519849667,1.2883500901366836,1
2.27907595067459,3.5957354775131933,1
2.7100093152800473,2.5317132774513995,1
0.936983981272741,2.1329203168640145,1
1.281418885630068,0.04571609395400289,0
0.867331516791515,2.472688551381176,1
3.130307709470456,4.382701768776906,1
-0.8568650935007733,0.4274906295993476,0
-2.6222209333092508,-1.080666657836865,0
1.048103585808315,0.4568963291248509,1
3.0367106537150352,3.13800399282069,1
1.8577426332340226,1.2127995852787141,0
1.754129250226656,-0.1665940021543153,1
1.2415398816743095,1.0889747523943745,1
1.198007898316534,2.2981373491508985,1
1.0208449443652758,-1.2814450116744893,0
1.2411703313643478,-0.6688084306200834,1
1.337372451901973,0.35008872894782184,0
0.3930074886819961,0.8933911305503388,1
3.4886006908440543,2.6458821014062393,1
3.2282798987076013,0.785422831682012,1
4.302299732960667,1.29109070410572,1
1.3220966220104158,-0.8782282289217977,0
1.7188083970736008,3.577124237401837,1
0.28020489711855445,0.11946244274566034,0
0.9100405372353104,0.2756212337544349,0
3.209768936858989,0.36673400094696773,1
-1.490066431219875,0.45899946165531436,0
0.7031767914712499,-0.14465923102882472,0
3.698208984685586,3.293443725404419,1
1.1357171750742037,-0.4997884191315634,0
2.3168216832455015,6.231988331404833,1
2.863958384155027,2.776595621324818,1
0.1235756673280135,-1.0509400571527108,0
-1.570204574225845,-0.6783747322881033,0
0.17126012481429587,-1.3117610950468688,0
1.8895592391517035,2.571674787956224,1
3.3210003138824478,3.252152254413126,1
-1.3690325215664165,0.17648349065503344,0
1.2796982616676522,3.378057284255746,1
2.6523873444523147,4.7111317889866875,1
-1.1077861308926793,-0.0004639091746228008,0
2.3253712665897117,3.993566552696695,1
0.14227088917525427,-0.6825388502791478,0
4.126380320666339,4.469833746877814,1
2.9716925980654487,2.218900274326001,1
1.976880927556639,0.9944529750582685,1
0.3489718188878912,0.3905568134166342,1
0.8168255579078445,1.8700976929246236,1
2.8145501120076144,3.7897037778867313,1
3.339616633559915,6.245499423332942,1
1.8829469630868543,1.571035877616942,1
-0.06825009707780588,-0.616942082094768,0
2.139805172743028,1.6959438811433383,1
0.5078755711310708,-0.31365322616643665,0
-1.3432281897922107,-2.147311958691702,0
2.678585715473034,1.5483509538462934,1
0.6327256946690791,-0.06613114072448839,0
1.627205902571185,-0.6843236763307794,1
0.6737117218249353,0.25619846517124134,0
-0.18595686482229676,-0.4110598594530281,0
0.7581906476640522,-0.750011543117171,0
4.0327677758911715,1.37133720128622,1
1.1965491419909433,2.9867745967020474,1
-0.526172705136943,0.9909446266364866,0
1.5409672057331054,2.3169294500042823,1
4.3208237153261955,2.4156295733265734,1
1.2604950000070592,1.2129827376020015,1
-0.6384401016489195,-1.0878641915350125,0
2.495975599567659,-0.7265357282489457,1
3.6714657339842,0.6762626081482235,1
1.2236820946115625,0.4248076427196811,0
3.190138602563749,2.884335258931933,1
2.1991471291413216,3.4886790557933782,1
0.20039824399513118,-0.22928911607589875,0
-0.6451566422125747,1.4254884489338708,0
-0.10350949312706656,0.36232591186607366,0
2.7440428390907856,1.5335934881861732,1
0.43967635589851123,0.3862398694614581,0
1.0270639821608447,1.546314389498442,1
2.2437583448874903,2.7312076939222614,1
1.7209518315867163,-0.6323888062219707,1
-1.091791999182718,-0.30816672609391993,0
1.9109816114252904,3.841691476604108,1
1.6904446797380854,0.7979276265475015,1
0.5998855538717802,-1.522438963641822,1
-0.9070236396867767,-1.1306789211297787,0
1.3715081592503617,1.6993944987783014,0
1.8342110024434803,2.5672846843539787,1
1.0714663637569517,1.7121306172746422,0
1.3451425057540098,1.8418543881276812,1
-0.6059968601593131,-1.5530173354204322,0
2.017819263049649,3.736138468157601,1
1.6528862077751008,0.8718836962507546,1
1.1741970221236362,0.4221018269556191,0
-0.15758075435014185,-0.5158998097243241,0
3.3697473360091745,3.9957388876975024,1
0.1432686816556225,0.8274091464851067,0
1.6142655021254846,0.20501534719800518,1
1.2551157423704664,0.7303408661741555,1
2.0413914338332777,1.947225185466579,1
-0.0857230309316962,2.0474596405931758,0
-2.1371215645105504,-1.0187621019377517,0
-0.6050293387747556,0.6991908979860508,0
2.795288648320267,-1.3654612437439533,1
0.19869957852668274,3.1226975788063696,1
-0.8935637637241167,-1.3069042482381965,0
2.532206308203249,-2.084615760487937,1
-0.12748722325042755,-0.029932930380018298,0
-1.3471183897153969,1.0827775974208318,0
2.2489712253762786,3.6961984222991724,1
0.6407222101042789,1.2563140102995853,1
0.9077965993347112,1.17564755801193,0
2.202083378065057,3.2834383516228933,1
3.4968404091099945,1.6506833920379846,1
0.8690857265921936,0.27549690260370463,0
-0.12185882668891457,-0.8788861311757044,0
0.41665616259599036,1.2495674671058028,1
-0.2353874078500229,-0.5684248001770484,0
2.3530235596068843,3.308515965389307,1
0.5033277852067402,1.4334357473304893,0
3.300946291453317,3.2154793081075206,1
-2.03255335695261,-0.48493899545429764,0
1.644880679652707,0.9599380299883093,1
2.110787278895744,-0.3242886392747115,1
-1.5081457899751096,-0.362825157648624,0
1.5061579115618184,-2.2240116310645837,0
-0.009139240847164137,-0.3782356149910593,0
1.781113559436131,3.781618449840881,1
-0.4116624852316524,0.11679500692372188,0
-2.051032454295055,0.10081233213599461,0
4.3577200867529395,0.6065885424220216,1
-0.7291779586384244,1.6047258389256647,0
0.33224596041186527,0.6204036085458063,0
-0.2976846127707306,-1.0735537350681097,0
2.0297940515674475,4.158749856849893,1
0.1941836412643349,-0.7782169270162969,0
0.9085148098182465,-0.024852377477855125,0
0.5263164200565995,0.7716308601513324,1
0.4089257047144161,0.02918122197949863,0
0.6807615800889744,-0.817166281608162,1
-1.8135008844691858,-0.7796600448323658,0
-0.379686469559946,-0.4404754105179791,0
1.8168081644569616,0.11609926730328768,1
2.236683561293298,3.4064786639658386,1
2.473876248387617,2.863525023405292,1
0.29618780657963817,1.9630134739141643,1
2.4945013276040173,3.0888068631209027,1
3.1627216088785173,2.7577737425018793,1
-0.07596633998957891,2.9688265404479637,1
1.8429435536637002,2.573069724721438,1
-1.0220904452201505,-0.1644115359148845,0
1.3791016895748789,2.6989271105343877,1
0.13764724712729826,0.35075644943921086,0
0.5471164120127567,2.7384926006317816,1
0.44270330629635113,0.03815014053007962,0
0.9664274023823681,0.8350127362400024,0
0.000495860317292797,0.11193352776438253,0
-1.504549236265851,-2.2048647964212575,0
-0.7224606589705299,0.5010302732277521,0
3.934392773076916,1.6430692252470624,1
-0.6773625341610426,0.990532723267298,0
1.3013780756585112,3.5996590559256756,1
2.3394037066207227,-0.02013614782547357,1
2.686576117224101,1.5868804030266155,1
2.416790339967335,0.34126237551147653,1
2.383825125671726,0.33128612334737206,1
3.322602460445501,0.6074472195789498,1
2.6602116764946597,4.686533631014971,1
1.1926047367143466,1.0830335937299278,1
-1.8649975196309723,-0.13828088259559657,0
2.296867448667109,3.863393726238959,1
3.4355697639751135,2.149113438883312,1
1.637358917904462,2.270465986512935,1
1.4371393483294828,3.0477222282258336,1
2.1246535678550176,3.367876255488407,1
1.990192353369982,4.698204077473014,1
2.8876305775425495,1.5240173815146436,1
0.972688603704075,5.127734286854827,1
-0.09517735249767945,1.1277542681850594,0
2.594308259381077,3.022297984620325,1
3.970732532561353,1.1058908572584423,1
1.5763371189259145,-0.13671306912224024,1
1.7563299419748648,-1.6508764921049237,1
-0.9150719201797635,0.29594865268614484,0
1.7566565067078206,-0.14668151548308883,0
2.738047894668505,3.8785071314112303,1
2.0134657510858793,4.678492535653595,1
1.1388243065999581,-0.098531480555612,0
3.6946794367242135,4.527006225309406,1
1.8131802584971033,1.4092535581302381,1
0.3511653546988276,-0.21736508929512074,0
-0.8593920120516825,0.16185970790256066,0
0.5013845701688675,-0.7532475230448632,0
0.19158305071678106,1.03867867344964,1
-0.5869343989046167,2.1951491085371266,1
2.2129613772006618,-0.8593762685216149,1
1.9064103295289594,2.7367430723326844,1
2.679511439670076,4.627226921727647,1
1.4881781594537271,-1.4324292998255532,1
0.8224594228057232,3.4338236445820742,1
0.9501052723869117,2.255093620895148,1
1.769208634574301,-0.1554163606760537,1
0.33387663023944714,1.9267077845612637,1
1.074199875527337,-2.1996683427853654,1
2.314360935767718,2.691417508293489,1
2.521788091782499,-1.3059567223680086,1
3.9793210620278945,2.49066061739146,1
2.2238205307453143,2.2689905771358134,1
0.4026892121167589,0.10415870254536239,0
-0.27530952652895235,1.343701072386506,0
1.6180407417973783,0.2721751340242886,1
3.13937641621292,-0.34895423548690596,1
-1.6565612753157213,-1.1488371230966896,0
-1.048238587565158,0.3675931291911633,0
1.10382496926609,0.133102624508815,0
4.415138687283719,2.8632436305013074,1
-0.1853258728699032,3.128639640137594,1
2.1336808107999206,4.546575006951554,1
1.3393142975909678,3.2720204551769005,1
-1.9093137106747609,0.2081636670074024,0
2.7228790733268733,3.211030452908844,1
-0.7253481999707123,-0.8690980169504688,0
4.337703664319489,3.097748645718317,1
2.4593872314943566,3.0706577164692623,1
1.408098125656288,1.40150059809425,0
1.0397712497746834,2.3918314206826703,1
1.6435814062634786,1.2301074416894369,1
-0.3822316840146991,0.8911312930274997,0
1.8428547685909722,2.6200976000710665,1
0.9947777366229138,0.3353111062780402,0
2.0648382192183665,4.834275507369819,1
-0.46993302028427175,-0.6039813945160256,0
1.478800050802525,0.34109008601458823,1
0.35741318606226125,-1.3125898832033402,0
-0.19752843353164085,0.9659474291277274,0
2.4393286426724856,1.5186169956865965,1
1.5126937763189579,2.2416542624772875,1
0.9674995612448862,4.602669681452094,1
-0.15815544742376092,-0.5473632335709072,0
2.219391386981458,1.4431398583922068,1
0.2733232847686864,6.060761962677743,1
-0.18057307935122813,0.35193174760368456,0
-0.06762261184045304,1.3503191119018032,0
-0.35858630213098197,-0.5555658007788601,0
-1.6522615123501376,-0.7635032519555487,0
-0.04153052355051706,-1.0055733728618788,0
-1.3042095742000295,0.17703140337544854,0
1.2564502366530572,2.087540646917464,1
2.3202579285568077,1.2907978253712433,1
3.7032405036434675,4.062457652116677,1
1.9032318027693778,3.3216615932362608,1
-0.6050068703292398,0.2035756095654151,0
1.9661718828065573,2.727520221303169,1
1.5157857195633622,-0.43623624040345677,0
3.9524215963808063,3.9460540676042863,1
0.16710503085719686,-1.844663854470781,0
2.5866520803380273,3.577378791718554,1
-0.01674607983431653,-1.0197683156998218,0
-0.5084318735270397,-0.05046943881028235,0
-0.3340598368407738,-1.538661063914692,0
0.0779281587363804,0.042206583594521535,0
2.640525405824991,3.2582654679378344,1
3.0692501280570594,-0.09043034194109145,1
-0.75046095381671,0.453042325303458,0
0.36706543949064635,-0.846618326062693,0
2.2516354691695493,3.828830645225785,1
2.86163845038255,7.031715311495797,1
-0.06419190617796283,-0.7437084926509125,0
0.6651757941738108,0.20931383612902119,0
-1.4589188958156618,-1.7094852565194776,0
0.6109965975501529,1.4987927696720957,0
1.139852972782991,2.1870065463124444,1
0.151991361966471,1.0131163765859084,0
2.6413339109971847,2.588903031841613,1
1.9778075861626654,0.28410059755713624,0
1.501207059032661,0.941182626741818,1
2.6601206062006435,-0.736629138839751,1
0.7706167211778306,-0.93975434303268,0
0.4552164754616266,-0.47066043171611444,0
0.16076608671881848,-0.23636674090285806,0
1.8332274009510952,4.706151995430112,1
0.08661450555728695,-0.7475365806134946,0
-2.0144073084330834,-0.259952947432309,0
1.1993132729265965,0.586312866902202,1
-0.12510107236897028,6.328794128304924,1
2.382395259983244,3.1978128154818437,1
2.7538100731978514,-1.4651697559216492,1
-1.2556636028935797,-0.0009330661359840953,0
1.6130561624748265,1.507356997764999,1
2.1717026696074537,1.0614326886406231,1
-0.007032926334502698,1.0564692759093188,0
2.5821147971968763,2.103846731430807,1
0.6172932820686239,1.4401861836363659,0
0.5463761285379551,-1.9467892195817087,1
-0.10554574666731426,0.9409818275023367,0
1.9728241351463365,5.6462283833753215,1
2.6881758840860033,4.09649214429918,1
0.25431398853987003,-0.26050224189792665,0
-1.095892595060248,-1.6317399111815492,0
0.41188876423224874,-1.0104556574750772,0
0.049899383847783474,-1.2518414237040583,0
-0.3933716034875532,-0.1155550364026787,0
0.3594621331337202,-0.20707142671270468,0
3.407690728548788,1.7726051005141135,1
0.08222708727293762,-0.2722766566845669,0
0.7857580605320995,-1.3968537825805383,0
-0.814122199830789,3.5263662529371302,1
-0.3958273481312795,-2.8406275664251126,0
0.48050097233594036,-0.7200388979433439,1
-1.6919154808428858,0.897425201467468,0
-0.2144253589469458,0.12095480808583314,1
1.6158399695585681,0.07927508283976237,1
2.5434351578350474,-0.6310010952394927,1
3.3266311672508433,0.02542268433704198,1
1.967731173982928,5.004528848920426,1
-0.9156279947335653,1.0244059677074357,0
2.066650236667212,6.062244044994603,1
-0.6370408979468526,-2.284644741007104,0
0.46779883011088863,1.7289283581229586,1
-1.409755910242761,-0.9274583554584498,0
-1.6482367494281265,-0.3251581970156989,0
-0.8586438362160814,-0.9724315855126203,0
-0.4073219888618558,-1.7256172326282038,0
2.4164864661614143,1.8887163539060283,1
-1.2580182727824836,-0.7254233388812565,0
1.4326343741113756,-0.13031984186940648,0
-1.6906566352343269,0.257125945514005,0
2.705274908487302,-0.1734652088686528,1
1.523730169865711,-0.4951088475670322,1
2.830672310978264,3.928532902745333,1
0.7371932770726066,1.6825262757555963,1
0.29121609725065195,-0.631017980213779,0
2.137404339183765,3.395464588079654,1
1.1085288569869278,3.628542726883264,1
3.5252128719208793,0.6188361012352639,1
4.048091167610821,3.446732548143798,1
2.1534973977306517,-0.6265991892100988,1
4.036882160987741,2.447496370904212,1
1.2669178313045404,4.151871210555351,1
0.11275460437166898,0.4127154475013364,0
-1.3216813057197134,-0.7326975021378292,0
-0.12858863874583515,0.7487554598436067,0
-1.2823258294482627,-1.9543634177789413,0
1.754108997624734,2.206736850696337,1
1.6415006784407147,3.9114786848911898,1
0.12867958871026697,1.3935379743696032,1
3.3099867209524807,1.2531382762765828,1
-0.22655281035540012,0.5975075163695577,0
0.44541173656170385,0.49242825507014953,1
0.134719470091603,-0.6024863933030241,0
-0.2683464836521008,0.4206404842508965,0
2.129113000492739,3.7134593214390015,1
0.39755321137468436,-1.3037147286350266,0
-0.4216784654001444,-1.5957377908835804,0
2.806658090066613,0.917741562258094,0
-0.4797952575333886,-0.1543358828721229,0
1.1878354644654454,-0.42725604635663716,0
-0.45941226728614065,-1.4091852305873336,0
3.050704164008434,-0.6956060755158568,1
-0.6209778984245982,0.3784369877357904,0
-1.1775483325870868,1.3607234233212473,0
-0.42775909137009793,-0.8177308191500151,0
-0.6260233569508661,-0.6647605930391929,0
1.7415208414302703,1.4130768542695908,1
0.9879142958509703,2.9169287232190135,1
1.8845372281963741,2.2808031392726034,1
1.6317011526763494,7.170872753299071,1
0.4390293675103403,-1.0189345579415154,0
1.1747039511869923,1.988239708098605,1
0.7362976464826074,0.47941285680746204,1
1.4797826192645909,2.9578586160089357,1
-0.1920095939542566,-0.990807037398955,0
1.7868185687288347,0.6322529232512086,1
0.25562147137861224,-0.3316331393627264,0
-0.729256892932651,-0.12047826496548886,0
-0.3568942011709634,0.398971421422692,0
2.9215733088760425,-0.283475733234547,1
0.1126294431162341,-0.19443068272820818,0
0.6641749792520507,0.46803863110190674,0
0.8399371552907198,0.6257895410246301,1
0.40312960398310316,1.9048211186644302,1
0.14887303843181549,0.009881581125299119,0
2.0959851633788538,1.7586049270386832,1
0.4450465918580281,1.3590921332632748,0
2.5963357394367526,-2.032106632384451,1
1.387909506520982,0.5303439941971709,0
0.23020049508107499,0.9953958531085836,0
1.1528426936309686,-0.467804658071525,0
0.09063286864697426,-0.5027665494629682,0
3.268766126641336,1.7639402035793605,1
0.005204910771579974,-0.8532132637587213,0
2.5765792361187048,4.803197493824602,1
0.42854329183518725,0.7041391573828815,0
1.3469815827249327,-0.1284369764553318,0
3.0233845384341507,4.944761574046489,1
1.3205898657841382,0.1125873588385845,0
-0.7846297576217203,-1.078534481407932,0
2.787191975216505,0.4478906030499161,1
0.8928142605013265,1.1935823436729829,1
-0.38455875653444416,-0.7912121419580621,0
-2.1308078933087335,-1.0588248526161437,0
1.62295450283008,2.668389847810294,1
2.8662596821440776,3.671117726498143,1
1.1464235760925345,1.2887545624662042,0
1.1350140591875886,2.1637555420415557,1
-0.6478055089123225,0.6418431170433565,0
0.8697969714967178,2.2952757613636385,1
1.5731714455873713,3.9956356139758413,1
-1.4791945463529101,-1.7021643847273618,0
2.867034635662833,5.516180856571722,1
0.14662584088766573,1.5843026125915534,0
1.977344671258211,1.4135588722468824,1
-2.202409982199618,-0.5455884257228992,0
0.059026195348751115,0.5584543647581209,0
1.3984646964390672,-0.5183436663192711,1
2.27557708559395,1.5304795375863252,1
1.4240657740348204,-1.7722396038084223,1
1.0989982162933107,3.0067699200339018,1
1.2657706925002783,3.878969842994091,1
0.5412203314718669,5.8276554621372,1
1.588285970555153,0.793668635654214,0
1.5783223434280296,3.1167111956917406,1
2.814833158763993,1.8111406190312376,1
